Workbook

Sheet Dashboard
A1: GetBakinGood
A2: A simple guide to get baking right, on your very first try.
A4: 1) Choose your workflow | E4: 2) Your recommendation
A5: Workflow | B5: Use a preset | E5: Recommended temp (°C) | F5: =Calc!$B$42
A6: Dish preset | B6: Vanilla sponge cake (8-inch) | E6: Recommended time (min) | F6: =Calc!$B$43
A7: Recipe type (if converting) | B7: BAKE_DELICATE | E7: Preheat (min) | F7: =Calc!$B$44
A8: Original device | B8: Oven (Conventional) | E8: Setting / mode | F8: =Calc!$B$9
A9: Original temp (°C) | B9: 180 | E9: Rack | F9: =Dashboard!$B$15
A10: Original time (min) | B10: 32 | E10: Key notes | F10: =Calc!$B$45
A11: Target device | B11: Air Fryer (Basket)
A12: Quantity multiplier | B12: 1 | E12: Quick comparison (same dish/type, different target devices)
A13: Thickness multiplier | B13: 1 | E13: Device | F13: Temp (°C) | G13: Time (min)
A14: Container/cookware | B14: Metal (light / shiny) | E14: Oven (Conventional) | F14: =ROUND(Calc!$B$10 + (IFERROR(INDEX(Rules!$D$2:$D$200,MATCH("Oven (Conventional)"&"|"&Calc!$B$9,Rules!$A$2:$A$200,0)),0) - Calc!$B$16) + IF(Calc!$B$24="",0,Calc!$B$24) + IF(Calc!$B$29="",0,Calc!$B$29),0) | G14: =ROUND(Calc!$B$11 * (IFERROR(INDEX(Rules!$E$2:$E$200,MATCH("Oven (Conventional)"&"|"&Calc!$B$9,Rules!$A$2:$A$200,0)),1)/Calc!$B$17) * IF(Calc!$B$25="",1,Calc!$B$25) * IF(Calc!$B$30="",1,Calc!$B$30) * Calc!$B$35 * Calc!$B$36 * Calc!$B$37 * Calc!$B$38,0)
A15: Rack position | B15: Middle | E15: OTG (Conventional) | F15: =ROUND(Calc!$B$10 + (IFERROR(INDEX(Rules!$D$2:$D$200,MATCH("OTG (Conventional)"&"|"&Calc!$B$9,Rules!$A$2:$A$200,0)),0) - Calc!$B$16) + IF(Calc!$B$24="",0,Calc!$B$24) + IF(Calc!$B$29="",0,Calc!$B$29),0) | G15: =ROUND(Calc!$B$11 * (IFERROR(INDEX(Rules!$E$2:$E$200,MATCH("OTG (Conventional)"&"|"&Calc!$B$9,Rules!$A$2:$A$200,0)),1)/Calc!$B$17) * IF(Calc!$B$25="",1,Calc!$B$25) * IF(Calc!$B$30="",1,Calc!$B$30) * Calc!$B$35 * Calc!$B$36 * Calc!$B$37 * Calc!$B$38,0)
A16: Starting from frozen? | B16: No | E16: Oven (Convection/Fan) | F16: =ROUND(Calc!$B$10 + (IFERROR(INDEX(Rules!$D$2:$D$200,MATCH("Oven (Convection/Fan)"&"|"&Calc!$B$9,Rules!$A$2:$A$200,0)),0) - Calc!$B$16) + IF(Calc!$B$24="",0,Calc!$B$24) + IF(Calc!$B$29="",0,Calc!$B$29),0) | G16: =ROUND(Calc!$B$11 * (IFERROR(INDEX(Rules!$E$2:$E$200,MATCH("Oven (Convection/Fan)"&"|"&Calc!$B$9,Rules!$A$2:$A$200,0)),1)/Calc!$B$17) * IF(Calc!$B$25="",1,Calc!$B$25) * IF(Calc!$B$30="",1,Calc!$B$30) * Calc!$B$35 * Calc!$B$36 * Calc!$B$37 * Calc!$B$38,0)
A17: Overcrowded tray/basket? | B17: No | E17: Convection Microwave (Convection mode) | F17: =ROUND(Calc!$B$10 + (IFERROR(INDEX(Rules!$D$2:$D$200,MATCH("Convection Microwave (Convection mode)"&"|"&Calc!$B$9,Rules!$A$2:$A$200,0)),0) - Calc!$B$16) + IF(Calc!$B$24="",0,Calc!$B$24) + IF(Calc!$B$29="",0,Calc!$B$29),0) | G17: =ROUND(Calc!$B$11 * (IFERROR(INDEX(Rules!$E$2:$E$200,MATCH("Convection Microwave (Convection mode)"&"|"&Calc!$B$9,Rules!$A$2:$A$200,0)),1)/Calc!$B$17) * IF(Calc!$B$25="",1,Calc!$B$25) * IF(Calc!$B$30="",1,Calc!$B$30) * Calc!$B$35 * Calc!$B$36 * Calc!$B$37 * Calc!$B$38,0)
E18: Air Fryer (Basket) | F18: =ROUND(Calc!$B$10 + (IFERROR(INDEX(Rules!$D$2:$D$200,MATCH("Air Fryer (Basket)"&"|"&Calc!$B$9,Rules!$A$2:$A$200,0)),0) - Calc!$B$16) + IF(Calc!$B$24="",0,Calc!$B$24) + IF(Calc!$B$29="",0,Calc!$B$29),0) | G18: =ROUND(Calc!$B$11 * (IFERROR(INDEX(Rules!$E$2:$E$200,MATCH("Air Fryer (Basket)"&"|"&Calc!$B$9,Rules!$A$2:$A$200,0)),1)/Calc!$B$17) * IF(Calc!$B$25="",1,Calc!$B$25) * IF(Calc!$B$30="",1,Calc!$B$30) * Calc!$B$35 * Calc!$B$36 * Calc!$B$37 * Calc!$B$38,0)

Sheet Calc
A1: Calc (helper calculations)
A2: PresetRow | B2: =IFERROR(MATCH(Dashboard!$B$6,Presets!$C$2:$C$200,0), "")
A3: PresetMode | B3: =IF($B$2="","",INDEX(Presets!$D$2:$D$200,$B$2))
A4: PresetTemp | B4: =IF($B$2="","",INDEX(Presets!$E$2:$E$200,$B$2))
A5: PresetTime | B5: =IF($B$2="","",INDEX(Presets!$F$2:$F$200,$B$2))
A6: PresetPreheat | B6: =IF($B$2="","",INDEX(Presets!$G$2:$G$200,$B$2))
A7: PresetNotes | B7: =IF($B$2="","",INDEX(Presets!$K$2:$K$200,$B$2))
A9: ModeEff | B9: =IF(Dashboard!$B$5="Use a preset",$B$3,Dashboard!$B$7)
A10: TempIn | B10: =IF(Dashboard!$B$5="Use a preset",$B$4,Dashboard!$B$9)
A11: TimeIn | B11: =IF(Dashboard!$B$5="Use a preset",$B$5,Dashboard!$B$10)
A12: OrigDevEff | B12: =IF(Dashboard!$B$5="Use a preset","Oven (Conventional)",Dashboard!$B$8)
A13: OrigKey | B13: =$B$12&"|"&$B$9
A14: TargetKey | B14: =Dashboard!$B$11&"|"&$B$9
A16: OrigTempOff | B16: =IFERROR(INDEX(Rules!$D$2:$D$200,MATCH($B$13,Rules!$A$2:$A$200,0)),0)
A17: OrigTimeFac | B17: =IFERROR(INDEX(Rules!$E$2:$E$200,MATCH($B$13,Rules!$A$2:$A$200,0)),1)
A18: TarTempOff | B18: =IFERROR(INDEX(Rules!$D$2:$D$200,MATCH($B$14,Rules!$A$2:$A$200,0)),0)
A19: TarTimeFac | B19: =IFERROR(INDEX(Rules!$E$2:$E$200,MATCH($B$14,Rules!$A$2:$A$200,0)),1)
A20: TarPreheat | B20: =IFERROR(INDEX(Rules!$F$2:$F$200,MATCH($B$14,Rules!$A$2:$A$200,0)),"")
A21: RuleNotes | B21: =IFERROR(INDEX(Rules!$G$2:$G$200,MATCH($B$14,Rules!$A$2:$A$200,0)),"")
A23: ContRow | B23: =IFERROR(MATCH(Dashboard!$B$14,Factors!$A$10:$A$15,0),"")
A24: ContTempOff | B24: =IF($B$23="","",INDEX(Factors!$B$10:$B$15,$B$23))
A25: ContTimeFac | B25: =IF($B$23="","",INDEX(Factors!$C$10:$C$15,$B$23))
A26: ContNotes | B26: =IF($B$23="","",INDEX(Factors!$D$10:$D$15,$B$23))
A28: RackRow | B28: =IFERROR(MATCH(Dashboard!$B$15,Factors!$A$20:$A$22,0),"")
A29: RackTempOff | B29: =IF($B$28="","",INDEX(Factors!$B$20:$B$22,$B$28))
A30: RackTimeFac | B30: =IF($B$28="","",INDEX(Factors!$C$20:$C$22,$B$28))
A31: RackNotes | B31: =IF($B$28="","",INDEX(Factors!$D$20:$D$22,$B$28))
A33: QtyExp | B33: =Factors!$B$2
A34: ThkExp | B34: =Factors!$B$3
A35: QtyFactor | B35: =IF(Dashboard!$B$12="","",POWER(Dashboard!$B$12,$B$33))
A36: ThkFactor | B36: =IF(Dashboard!$B$13="","",POWER(Dashboard!$B$13,$B$34))
A37: FrozenFactor | B37: =IF(Dashboard!$B$16="Yes",Factors!$B$4,1)
A38: OverFactor | B38: =IF(Dashboard!$B$17="Yes",Factors!$B$5,1)
A40: BaseTempTarget | B40: =ROUND($B$10 + ($B$18-$B$16),0)
A41: BaseTimeTarget | B41: =($B$11 * ($B$19/$B$17))
A42: FinalTemp | B42: =ROUND($B$40 + IF($B$24="",0,$B$24) + IF($B$29="",0,$B$29),0)
A43: FinalTime | B43: =ROUND($B$41 * IF($B$25="",1,$B$25) * IF($B$30="",1,$B$30) * $B$35 * $B$36 * $B$37 * $B$38,0)
A44: FinalPreheat | B44: =IF(Dashboard!$B$5="Use a preset",MAX($B$6,$B$20),$B$20)
A45: FinalNotes | B45: =TRIM(IF(Dashboard!$B$5="Use a preset",$B$7,"") & CHAR(10) & "• " & $B$21 & CHAR(10) & "• " & $B$26 & CHAR(10) & "• " & $B$31 & CHAR(10) & IF(Dashboard!$B$11="Air Fryer (Basket)","• Shake/flip half-way; keep a single layer.",""))

Sheet Presets
A1: DishID | B1: Category | C1: Dish | D1: ModeType | E1: BaseTempC | F1: BaseTimeMin | G1: BasePreheatMin | H1: DefaultContainer | I1: DefaultRack | J1: BaseQty | K1: Notes
A2: D001 | B2: Chicken | C2: Whole chicken roast (~1.2 kg) | D2: ROAST | E2: 200 | F2: 70 | G2: 12 | H2: Metal roasting pan | I2: Middle | J2: 1x | K2: Cook to safe internal temp; flip/turn once; rest 10 min. Start checking ~10 min early if small.
A3: D002 | B3: Chicken | C3: Chicken thighs / drumsticks (bone-in) | D3: ROAST | E3: 200 | F3: 32 | G3: 12 | H3: Metal tray | I3: Middle | J3: 1x | K3: Flip/turn halfway; cook to safe internal temp. For smaller pieces, start checking at ~25 min in air fryer.
A4: D003 | B4: Chicken | C4: Chicken breast (boneless) | D4: ROAST | E4: 200 | F4: 22 | G4: 12 | H4: Metal tray | I4: Middle | J4: 1x | K4: Avoid overcooking; consider brine; rest 5 min.
A5: D004 | B5: Chicken | C5: Tandoori-style chicken pieces | D5: GRILL_TOP | E5: 220 | F5: 25 | G5: 12 | H5: Wire rack over tray | I5: Top | J5: 1x | K5: Skewers or single layer; flip/turn for even char; baste optional near end.
A6: D005 | B6: Chicken | C6: Chicken wings (crispy) | D6: ROAST | E6: 230 | F6: 30 | G6: 12 | H6: Wire rack over tray | I6: Top | J6: 1x | K6: Single layer for crisp; flip/shake halfway.
A7: D006 | B7: Chicken | C7: Chicken nuggets (frozen) | D7: REHEAT_CRISP | E7: 220 | F7: 14 | G7: 8 | H7: Tray/basket | I7: Middle | J7: 1x | K7: Shake/flip half-way; add 2–3 min if extra crisp.
A8: D007 | B8: Fish | C8: White fish fillets (2 cm) | D8: ROAST | E8: 200 | F8: 14 | G8: 10 | H8: Metal tray | I8: Middle | J8: 1x | K8: Brush oil; don’t overcook; use foil if drying.
A9: D008 | B9: Fish | C9: Salmon fillet (2–3 cm) | D9: ROAST | E9: 200 | F9: 16 | G9: 10 | H9: Metal tray | I9: Middle | J9: 1x | K9: Best slightly underdone; rest 3 min.
A10: D009 | B10: Fish | C10: Fish tikka / kebabs | D10: GRILL_TOP | E10: 220 | F10: 14 | G10: 10 | H10: Skewers on rack | I10: Top | J10: 1x | K10: Flip once; watch browning; finish with top heat.
A11: D010 | B11: Seafood | C11: Prawns/shrimp (marinated) | D11: GRILL_TOP | E11: 220 | F11: 8 | G11: 8 | H11: Skewers/tray | I11: Top | J11: 1x | K11: Cook fast; flip once.
A12: D011 | B12: Vegetables | C12: Roasted mixed veggies (bite-size) | D12: ROAST | E12: 220 | F12: 22 | G12: 12 | H12: Metal tray | I12: Top | J12: 1x | K12: Don’t overcrowd; toss once; add 5 min for more caramelization.
A13: D012 | B13: Vegetables | C13: Cauliflower florets (gobi roast) | D13: ROAST | E13: 230 | F13: 25 | G13: 12 | H13: Metal tray | I13: Top | J13: 1x | K13: Toss once; finish with top heat if desired.
... A47: D046 | B47: Meat | C47: Meatballs | D47: ROAST | E47: 210 | F47: 18 | G47: 12 | H47: Tray | I47: Middle | J47: 1x | K47: Turn once; finish with top heat.

Sheet Rules
A1: Key | B1: Device | C1: ModeType | D1: TempOffsetC | E1: TimeFactor | F1: PreheatMin | G1: Notes
A2: Oven (Conventional)|BAKE_DELICATE | B2: Oven (Conventional) | C2: BAKE_DELICATE | D2: 0 | E2: 1 | F2: 12 | G2: Baseline reference.
A3: Oven (Conventional)|BAKE_STANDARD | B3: Oven (Conventional) | C3: BAKE_STANDARD | D3: 0 | E3: 1 | F3: 12 | G3: Baseline reference.
A4: Oven (Conventional)|ROAST | B4: Oven (Conventional) | C4: ROAST | D4: 0 | E4: 1 | F4: 12 | G4: Baseline reference.
A5: Oven (Conventional)|GRILL_TOP | B5: Oven (Conventional) | C5: GRILL_TOP | D5: 0 | E5: 1 | F5: 5 | G5: Baseline reference.
A6: Oven (Conventional)|REHEAT_CRISP | B6: Oven (Conventional) | C6: REHEAT_CRISP | D6: 0 | E6: 1 | F6: 12 | G6: Baseline reference.
A7: OTG (Conventional)|BAKE_DELICATE | B7: OTG (Conventional) | C7: BAKE_DELICATE | D7: 0 | E7: 1.05 | F7: 15 | G7: Smaller cavity; rotate once; may brown faster on top.
A8: OTG (Conventional)|BAKE_STANDARD | B8: OTG (Conventional) | C8: BAKE_STANDARD | D8: 0 | E8: 1.05 | F8: 15 | G8: Smaller cavity; rotate once; may brown faster on top.
A9: OTG (Conventional)|ROAST | B9: OTG (Conventional) | C9: ROAST | D9: 0 | E9: 1.05 | F9: 15 | G9: Smaller cavity; rotate once; may brown faster on top.
A10: OTG (Conventional)|GRILL_TOP | B10: OTG (Conventional) | C10: GRILL_TOP | D10: 0 | E10: 1 | F10: 5 | G10: Smaller cavity; rotate once; may brown faster on top.
A11: OTG (Conventional)|REHEAT_CRISP | B11: OTG (Conventional) | C11: REHEAT_CRISP | D11: 0 | E11: 1 | F11: 15 | G11: Smaller cavity; rotate once; may brown faster on top.
A12: Oven (Convection/Fan)|BAKE_DELICATE | B12: Oven (Convection/Fan) | C12: BAKE_DELICATE | D12: -10 | E12: 0.9 | F12: 10 | G12: Lower temp slightly; avoid over-drying; check early.
A13: Oven (Convection/Fan)|BAKE_STANDARD | B13: Oven (Convection/Fan) | C13: BAKE_STANDARD | D13: -15 | E13: 0.85 | F13: 10 | G13: Rule-of-thumb: lower temp and/or shorten time; check early.
... A36: Air Fryer (Oven-style)|REHEAT_CRISP | B36: Air Fryer (Oven-style) | C36: REHEAT_CRISP | D36: -10 | E36: 0.78 | F36: 4 | G36: Airflow still strong; rotate trays if needed.

Sheet Factors
A1: Global controls (you can tweak these if your device runs hot/cold)
A2: Quantity exponent (time scales ~ multiplier^exponent) | B2: 0.65
A3: Thickness exponent (time scales ~ multiplier^exponent) | B3: 0.5
A4: Extra time if starting from frozen | B4: 1.15
A5: Extra time if overcrowded (poor airflow) | B5: 1.1
A8: Container / cookware adjustments
A9: Container | B9: TempOffsetC | C9: TimeFactor | D9: Notes
A10: Metal (light / shiny) | B10: 0 | C10: 1 | D10: Baseline.
A11: Metal (dark / non-stick) | B11: -5 | C11: 0.98 | D11: Browns faster; consider slightly lower temp.
A12: Glass / ceramic | B12: -10 | C12: 1.05 | D12: Holds heat; often needs lower temp and slightly more time.
A13: Silicone | B13: 0 | C13: 1.08 | D13: Insulates; may need a little longer.
A14: Wire rack / no pan | B14: 0 | C14: 0.95 | D14: More airflow; cooks a bit faster.
A15: Air fryer basket | B15: 0 | C15: 0.9 | D15: Strong airflow; shake/flip.
A18: Rack position adjustments
A19: Rack | B19: TempOffsetC | C19: TimeFactor | D19: Notes
A20: Top | B20: 0 | C20: 1 | D20: More browning; watch tops.
A21: Middle | B21: 0 | C21: 1 | D21: Most even for baking/roasting.
A22: Bottom | B22: 0 | C22: 1.03 | D22: Slower browning on top; good for crisp bases.

Sheet Help
A1: GetBakinGood — How to use this workbook
A2: Tip: blue cells are editable inputs.
A4: What GetBakinGood does
A5: Pick a dish preset OR enter your own recipe settings, then choose your device and GetBakinGood suggests adjusted temperature, time and key setup notes. It uses device-specific conversion rules (fan convection, convection microwave, air fryer) plus optional adjustments for quantity, thickness and cookware.
A7: Good defaults (but verify once)
A8: Convection/fan typically needs a slightly lower temperature and/or shorter cook time than a conventional oven. Air fryers are usually faster and may need a slightly lower temperature. Always check earlier on your first attempt with a new device/model.
A10: Accuracy checklist
A11: • Preheat properly (OTGs often need more time). • Use the right rack (middle = most even; bottom = crisp base; top = browning). • Don’t overcrowd trays/baskets (air needs room). • Rotate once if your device has hotspots. • For meat/fish, use an instant-read thermometer when possible.
A13: Microwave note
A14: These conversions apply to convection mode or grill mode. Plain microwave mode is not suitable for most baking.
A16: Safety
A17: All temps/times are starting points. Food safety depends on internal temperature and handling. Use trusted food-safety guidance.

Sheet Devices
A1: Device | B1: Alias | C1: Type | D1: Cavity | E1: Notes
A2: Oven (Conventional) | B2: OVEN_CONV | C2: Conventional | D2: Full-size | E2: Baseline for most recipes.
A3: OTG (Conventional) | B3: OTG_CONV | C3: Conventional | D3: Countertop | E3: Often needs longer preheat; rotate once for even browning.
A4: Oven (Convection/Fan) | B4: OVEN_FAN | C4: Convection | D4: Full-size | E4: Fan circulates heat; typically lower temp and/or shorten time.
A5: OTG (Convection/Fan) | B5: OTG_FAN | C5: Convection | D5: Countertop | E5: Faster than OTG conventional; watch browning near heating elements.
A6: Convection Microwave (Convection mode) | B6: MW_CONV | C6: Convection | D6: Small | E6: Use convection mode for baking/roasting; smaller cavity can cook faster.
A7: Air Fryer (Basket) | B7: AF_BASKET | C7: AirFryer | D7: Very small | E7: Intense airflow; best for smaller portions; flip/shake half-way.
A8: Air Fryer (Oven-style) | B8: AF_OVEN | C8: AirFryer | D8: Small | E8: More rack space than basket; still cooks faster than oven.
